time,_start,_stop,_time,_field_cdi,_field_depth,_field_dmin,_field_felt,_field_gap,_field_lat,_field_lon,_field_mag,_field_mmi,_field_nst,_field_rms,_field_sig,_field_tsunami,magType_mb,magType_mb_lg,magType_md,magType_ml,magType_mwr,magType_mww,net_ak,net_ci,net_hv,net_nc,net_ok,net_pr,net_us
2023-02-19 12:16:58.020000+00:00,2023-02-19 12:04:53.069418+00:00,2023-02-20 12:04:53.069418+00:00,2023-02-19 12:16:58.020000+00:00,0.0,29.53,0.01774,0,186.0,38.8236656,-122.8123322,1.12,0.0,7,0.24,19,0,0,0,1,0,0,0,0,0,0,1,0,0,0
2023-02-19 12:18:03.814000+00:00,2023-02-19 12:04:53.069418+00:00,2023-02-20 12:04:53.069418+00:00,2023-02-19 12:18:03.814000+00:00,0.0,75.0,0.0,0,0.0,59.1826,-153.193,1.9,0.0,0,0.31,56,0,0,0,0,1,0,0,1,0,0,0,0,0,0
2023-02-19 12:21:05.619000+00:00,2023-02-19 12:04:53.069418+00:00,2023-02-20 12:04:53.069418+00:00,2023-02-19 12:21:05.619000+00:00,0.0,10.0,7.519,0,60.0,-12.7679,66.3649,4.7,0.0,63,0.37,340,0,1,0,0,0,0,0,0,0,0,0,0,0,1
2023-02-19 12:24:38.413000+00:00,2023-02-19 12:04:53.069418+00:00,2023-02-20 12:04:53.069418+00:00,2023-02-19 12:24:38.413000+00:00,0.0,122.2,0.0,0,0.0,59.8592,-153.3164,1.4,0.0,0,0.31,30,0,0,0,0,1,0,0,1,0,0,0,0,0,0
2023-02-19 12:26:32.840000+00:00,2023-02-19 12:04:53.069418+00:00,2023-02-20 12:04:53.069418+00:00,2023-02-19 12:26:32.840000+00:00,0.0,4.45,0.1354,0,89.0,33.2718333,-116.4306667,0.98,0.0,29,0.2,15,0,0,0,0,1,0,0,0,1,0,0,0,0,0
2023-02-19 12:31:25.910000+00:00,2023-02-19 12:04:53.069418+00:00,2023-02-20 12:04:53.069418+00:00,2023-02-19 12:31:25.910000+00:00,0.0,9.59,0.1296,0,176.0,35.7046667,-117.515,0.88,0.0,10,0.2,12,0,0,0,0,1,0,0,0,1,0,0,0,0,0
2023-02-19 12:42:29.260000+00:00,2023-02-19 12:04:53.069418+00:00,2023-02-20 12:04:53.069418+00:00,2023-02-19 12:42:29.260000+00:00,0.0,1.86,0.01016,0,95.0,38.7811661,-122.723999,1.33,0.0,10,0.02,27,0,0,0,1,0,0,0,0,0,0,1,0,0,0
2023-02-19 12:42:48.140000+00:00,2023-02-19 12:04:53.069418+00:00,2023-02-20 12:04:53.069418+00:00,2023-02-19 12:42:48.140000+00:00,0.0,1.82,0.01109,0,81.0,38.7809982,-122.7228317,1.1,0.0,14,0.02,19,0,0,0,1,0,0,0,0,0,0,1,0,0,0
2023-02-19 13:08:13.712000+00:00,2023-02-19 12:04:53.069418+00:00,2023-02-20 12:04:53.069418+00:00,2023-02-19 13:08:13.712000+00:00,0.0,10.0,8.457,0,86.0,-58.4136,-23.1988,5.0,0.0,37,0.57,385,0,1,0,0,0,0,0,0,0,0,0,0,0,1
2023-02-19 13:08:59.855000+00:00,2023-02-19 12:04:53.069418+00:00,2023-02-20 12:04:53.069418+00:00,2023-02-19 13:08:59.855000+00:00,0.0,3.1,0.0,0,0.0,65.1269,-148.3693,1.8,0.0,0,0.9,50,0,0,0,0,1,0,0,1,0,0,0,0,0,0
2023-02-19 13:25:55.678000+00:00,2023-02-19 12:04:53.069418+00:00,2023-02-20 12:04:53.069418+00:00,2023-02-19 13:25:55.678000+00:00,0.0,0.1,0.0,0,0.0,62.3651,-149.1846,1.8,0.0,0,0.9,50,0,0,0,0,1,0,0,1,0,0,0,0,0,0
2023-02-19 13:40:59.140000+00:00,2023-02-19 12:04:53.069418+00:00,2023-02-20 12:04:53.069418+00:00,2023-02-19 13:40:59.140000+00:00,0.0,81.77,0.3133,0,198.0,18.5686666666667,-65.6586666666667,3.2,0.0,18,0.16,158,0,0,0,1,0,0,0,0,0,0,0,0,1,0
2023-02-19 13:45:33.400000+00:00,2023-02-19 12:04:53.069418+00:00,2023-02-20 12:04:53.069418+00:00,2023-02-19 13:45:33.400000+00:00,0.0,0.16,0.1489,0,156.0,39.4080009,-122.9410019,1.52,0.0,11,0.14,36,0,0,0,1,0,0,0,0,0,0,1,0,0,0
2023-02-19 14:01:29.796000+00:00,2023-02-19 12:04:53.069418+00:00,2023-02-20 12:04:53.069418+00:00,2023-02-19 14:01:29.796000+00:00,0.0,10.4,0.0,0,0.0,56.8739,-157.8688,2.0,0.0,0,0.53,62,0,0,0,0,1,0,0,1,0,0,0,0,0,0
2023-02-19 14:05:22.670000+00:00,2023-02-19 12:04:53.069418+00:00,2023-02-20 12:04:53.069418+00:00,2023-02-19 14:05:22.670000+00:00,0.0,10.42,0.7543,0,256.0,17.763,-68.4881666666667,3.21,0.0,11,0.34,159,0,0,0,1,0,0,0,0,0,0,0,0,1,0
2023-02-19 14:08:28.290000+00:00,2023-02-19 12:04:53.069418+00:00,2023-02-20 12:04:53.069418+00:00,2023-02-19 14:08:28.290000+00:00,0.0,16.73,0.03169,0,74.0,33.7103333,-116.7521667,0.56,0.0,27,0.1,5,0,0,0,0,1,0,0,0,1,0,0,0,0,0
2023-02-19 14:10:57.446000+00:00,2023-02-19 12:04:53.069418+00:00,2023-02-20 12:04:53.069418+00:00,2023-02-19 14:10:57.446000+00:00,0.0,10.0,7.04,0,79.0,-13.6013,172.1246,4.9,0.0,34,0.83,369,0,1,0,0,0,0,0,0,0,0,0,0,0,1
2023-02-19 14:18:24.479000+00:00,2023-02-19 12:04:53.069418+00:00,2023-02-20 12:04:53.069418+00:00,2023-02-19 14:18:24.479000+00:00,0.0,132.0,0.0,0,0.0,60.2149,-152.9591,2.2,0.0,0,0.96,74,0,0,0,0,1,0,0,1,0,0,0,0,0,0
2023-02-19 14:21:37.207000+00:00,2023-02-19 12:04:53.069418+00:00,2023-02-20 12:04:53.069418+00:00,2023-02-19 14:21:37.207000+00:00,0.0,62.347,1.38,0,104.0,-10.3243,161.0267,4.5,0.0,23,0.57,312,0,1,0,0,0,0,0,0,0,0,0,0,0,1
2023-02-19 14:25:31.314000+00:00,2023-02-19 12:04:53.069418+00:00,2023-02-20 12:04:53.069418+00:00,2023-02-19 14:25:31.314000+00:00,0.0,31.5,0.0,0,0.0,58.1732,-154.7236,1.4,0.0,0,0.68,30,0,0,0,0,1,0,0,1,0,0,0,0,0,0
2023-02-19 14:26:20.836000+00:00,2023-02-19 12:04:53.069418+00:00,2023-02-20 12:04:53.069418+00:00,2023-02-19 14:26:20.836000+00:00,3.1,3.615,0.427,4,255.0,34.6284,33.0052,3.6,0.0,7,0.22,201,0,0,0,0,1,0,0,0,0,0,0,0,0,1
2023-02-19 14:40:53.468000+00:00,2023-02-19 12:04:53.069418+00:00,2023-02-20 12:04:53.069418+00:00,2023-02-19 14:40:53.468000+00:00,0.0,13.0,0.0,0,0.0,63.3003,-149.5715,1.5,0.0,0,0.23,35,0,0,0,0,1,0,0,1,0,0,0,0,0,0
2023-02-19 14:53:56.770000+00:00,2023-02-19 12:04:53.069418+00:00,2023-02-20 12:04:53.069418+00:00,2023-02-19 14:53:56.770000+00:00,0.0,1.51,0.01113,0,84.0,38.8199997,-122.7965012,0.29,0.0,8,0.01,1,0,0,0,1,0,0,0,0,0,0,1,0,0,0
2023-02-19 14:54:03.483000+00:00,2023-02-19 12:04:53.069418+00:00,2023-02-20 12:04:53.069418+00:00,2023-02-19 14:54:03.483000+00:00,0.0,88.6,0.0,0,0.0,60.7856,-152.2746,1.9,0.0,0,0.45,56,0,0,0,0,1,0,0,1,0,0,0,0,0,0
2023-02-19 15:00:54.300000+00:00,2023-02-19 12:04:53.069418+00:00,2023-02-20 12:04:53.069418+00:00,2023-02-19 15:00:54.300000+00:00,0.0,1.69,0.003648,0,72.0,38.8349991,-122.7886658,1.02,0.0,10,0.02,16,0,0,0,1,0,0,0,0,0,0,1,0,0,0
2023-02-19 15:02:09.493000+00:00,2023-02-19 12:04:53.069418+00:00,2023-02-20 12:04:53.069418+00:00,2023-02-19 15:02:09.493000+00:00,0.0,102.6,0.0,0,0.0,60.1073,-152.3807,1.7,0.0,0,0.7,44,0,0,0,0,1,0,0,1,0,0,0,0,0,0
2023-02-19 15:17:04.737000+00:00,2023-02-19 12:04:53.069418+00:00,2023-02-20 12:04:53.069418+00:00,2023-02-19 15:17:04.737000+00:00,0.0,76.725,2.077,0,108.0,2.4267,126.096,5.0,0.0,31,0.54,385,0,1,0,0,0,0,0,0,0,0,0,0,0,1
2023-02-19 15:17:24.870000+00:00,2023-02-19 12:04:53.069418+00:00,2023-02-20 12:04:53.069418+00:00,2023-02-19 15:17:24.870000+00:00,0.0,12.71,0.06971,0,120.0,33.4853333,-116.4956667,0.74,0.0,22,0.2,8,0,0,0,0,1,0,0,0,1,0,0,0,0,0
2023-02-19 15:28:56.015000+00:00,2023-02-19 12:04:53.069418+00:00,2023-02-20 12:04:53.069418+00:00,2023-02-19 15:28:56.015000+00:00,0.0,67.7,0.0,0,0.0,60.1596,-151.169,1.9,0.0,0,0.21,56,0,0,0,0,1,0,0,1,0,0,0,0,0,0
2023-02-19 15:32:54.122000+00:00,2023-02-19 12:04:53.069418+00:00,2023-02-20 12:04:53.069418+00:00,2023-02-19 15:32:54.122000+00:00,0.0,135.4,0.0,0,0.0,63.2506,-150.5554,3.7,2.012,0,0.41,211,0,0,0,0,1,0,0,1,0,0,0,0,0,0
2023-02-19 15:38:21.782000+00:00,2023-02-19 12:04:53.069418+00:00,2023-02-20 12:04:53.069418+00:00,2023-02-19 15:38:21.782000+00:00,0.0,81.2,0.0,0,0.0,58.5631,-153.5095,2.0,0.0,0,0.34,62,0,0,0,0,1,0,0,1,0,0,0,0,0,0
2023-02-19 15:48:41.630000+00:00,2023-02-19 12:04:53.069418+00:00,2023-02-20 12:04:53.069418+00:00,2023-02-19 15:48:41.630000+00:00,0.0,16.12,0.08862,0,167.0,33.721,-116.8198333,0.56,0.0,23,0.14,5,0,0,0,0,1,0,0,0,1,0,0,0,0,0
2023-02-19 15:55:36.428000+00:00,2023-02-19 12:04:53.069418+00:00,2023-02-20 12:04:53.069418+00:00,2023-02-19 15:55:36.428000+00:00,0.0,23.2,0.0,0,0.0,61.9188,-149.4231,1.3,0.0,0,0.2,26,0,0,0,0,1,0,0,1,0,0,0,0,0,0
2023-02-19 15:56:10.697000+00:00,2023-02-19 12:04:53.069418+00:00,2023-02-20 12:04:53.069418+00:00,2023-02-19 15:56:10.697000+00:00,0.0,33.9,0.0,0,0.0,61.4941,-150.0191,1.6,0.0,0,1.21,39,0,0,0,0,1,0,0,1,0,0,0,0,0,0
2023-02-19 16:02:00.400000+00:00,2023-02-19 12:04:53.069418+00:00,2023-02-20 12:04:53.069418+00:00,2023-02-19 16:02:00.400000+00:00,0.0,16.5,0.03339,0,53.0,33.7065,-116.7538333,1.17,0.0,34,0.18,21,0,0,0,0,1,0,0,0,1,0,0,0,0,0
2023-02-19 16:07:11.410000+00:00,2023-02-19 12:04:53.069418+00:00,2023-02-20 12:04:53.069418+00:00,2023-02-19 16:07:11.410000+00:00,0.0,10.0,7.474,0,98.0,-12.8199,66.3708,5.3,0.0,25,0.79,432,0,0,0,0,0,0,1,0,0,0,0,0,0,1
2023-02-19 16:10:22.890000+00:00,2023-02-19 12:04:53.069418+00:00,2023-02-20 12:04:53.069418+00:00,2023-02-19 16:10:22.890000+00:00,0.0,1.95,0.01447,0,80.0,38.7876663,-122.7679977,1.2,0.0,27,0.03,22,0,0,0,1,0,0,0,0,0,0,1,0,0,0
2023-02-19 16:12:34.567000+00:00,2023-02-19 12:04:53.069418+00:00,2023-02-20 12:04:53.069418+00:00,2023-02-19 16:12:34.567000+00:00,0.0,131.524,4.027,0,94.0,-5.3873,146.6183,4.4,0.0,23,0.79,298,0,1,0,0,0,0,0,0,0,0,0,0,0,1
2023-02-19 16:22:55.250000+00:00,2023-02-19 12:04:53.069418+00:00,2023-02-20 12:04:53.069418+00:00,2023-02-19 16:22:55.250000+00:00,0.0,0.76,0.01406,0,121.0,38.7476654,-122.7275009,1.48,0.0,17,0.05,34,0,0,0,1,0,0,0,0,0,0,1,0,0,0
2023-02-19 16:25:34.220000+00:00,2023-02-19 12:04:53.069418+00:00,2023-02-20 12:04:53.069418+00:00,2023-02-19 16:25:34.220000+00:00,0.0,15.74,0.002937,0,42.0,33.95,-117.1711667,1.54,0.0,45,0.2,36,0,0,0,0,1,0,0,0,1,0,0,0,0,0
2023-02-19 16:31:03.040000+00:00,2023-02-19 12:04:53.069418+00:00,2023-02-20 12:04:53.069418+00:00,2023-02-19 16:31:03.040000+00:00,0.0,1.88,0.0045,0,103.0,38.7625008,-122.7304993,1.09,0.0,10,0.02,18,0,0,0,1,0,0,0,0,0,0,1,0,0,0
2023-02-19 16:46:09.720000+00:00,2023-02-19 12:04:53.069418+00:00,2023-02-20 12:04:53.069418+00:00,2023-02-19 16:46:09.720000+00:00,0.0,12.33,0.05249,0,216.0,17.9376666666667,-66.8403333333333,2.36,0.0,8,0.09,86,0,0,0,1,0,0,0,0,0,0,0,0,1,0
2023-02-19 16:52:58.330000+00:00,2023-02-19 12:04:53.069418+00:00,2023-02-20 12:04:53.069418+00:00,2023-02-19 16:52:58.330000+00:00,0.0,1.88,0.003558,0,91.0,38.8278351,-122.8523331,0.44,0.0,10,0.01,3,0,0,0,1,0,0,0,0,0,0,1,0,0,0
2023-02-19 16:57:35.200000+00:00,2023-02-19 12:04:53.069418+00:00,2023-02-20 12:04:53.069418+00:00,2023-02-19 16:57:35.200000+00:00,0.0,10.86,0.01122,0,167.0,38.8193321,-122.7679977,0.33,0.0,8,0.08,2,0,0,0,1,0,0,0,0,0,0,1,0,0,0
2023-02-19 17:01:50.430000+00:00,2023-02-19 12:04:53.069418+00:00,2023-02-20 12:04:53.069418+00:00,2023-02-19 17:01:50.430000+00:00,0.0,95.2,0.0,0,0.0,59.8712,-152.764,1.5,0.0,0,0.65,35,0,0,0,0,1,0,0,1,0,0,0,0,0,0
2023-02-19 17:13:38.260000+00:00,2023-02-19 12:04:53.069418+00:00,2023-02-20 12:04:53.069418+00:00,2023-02-19 17:13:38.260000+00:00,0.0,8.15,0.09115,0,63.0,35.9178333,-117.7295,0.72,0.0,10,0.06,8,0,0,0,0,1,0,0,0,1,0,0,0,0,0
2023-02-19 17:26:54.410000+00:00,2023-02-19 12:04:53.069418+00:00,2023-02-20 12:04:53.069418+00:00,2023-02-19 17:26:54.410000+00:00,0.0,1.93,0.01145,0,53.0,38.8338318,-122.8040009,1.34,0.0,20,0.01,28,0,0,0,1,0,0,0,0,0,0,1,0,0,0
2023-02-19 17:27:50.410000+00:00,2023-02-19 12:04:53.069418+00:00,2023-02-20 12:04:53.069418+00:00,2023-02-19 17:27:50.410000+00:00,0.0,56.6,0.0,0,0.0,61.6228,-150.5016,1.5,0.0,0,0.46,35,0,0,0,0,1,0,0,1,0,0,0,0,0,0
2023-02-19 17:28:21.220000+00:00,2023-02-19 12:04:53.069418+00:00,2023-02-20 12:04:53.069418+00:00,2023-02-19 17:28:21.220000+00:00,0.0,1.67,0.003908,0,61.0,38.8266678,-122.8519974,1.08,0.0,21,0.02,18,0,0,0,1,0,0,0,0,0,0,1,0,0,0
2023-02-19 17:37:46.260000+00:00,2023-02-19 12:04:53.069418+00:00,2023-02-20 12:04:53.069418+00:00,2023-02-19 17:37:46.260000+00:00,0.0,2.24,0.01347,0,80.0,38.788166,-122.7663345,0.75,0.0,11,0.02,9,0,0,0,1,0,0,0,0,0,0,1,0,0,0
2023-02-19 17:42:35.430000+00:00,2023-02-19 12:04:53.069418+00:00,2023-02-20 12:04:53.069418+00:00,2023-02-19 17:42:35.430000+00:00,0.0,2.05,0.009241,0,116.0,38.8218346,-122.7656631,1.52,0.0,22,0.03,36,0,0,0,1,0,0,0,0,0,0,1,0,0,0
2023-02-19 17:57:10.963000+00:00,2023-02-19 12:04:53.069418+00:00,2023-02-20 12:04:53.069418+00:00,2023-02-19 17:57:10.963000+00:00,0.0,1.0,0.0,0,0.0,56.2555,-149.2246,2.9,0.0,0,0.61,129,0,0,0,0,1,0,0,1,0,0,0,0,0,0
2023-02-19 18:01:14.721000+00:00,2023-02-19 12:04:53.069418+00:00,2023-02-20 12:04:53.069418+00:00,2023-02-19 18:01:14.721000+00:00,0.0,51.5,0.0,0,0.0,59.2233,-152.257,2.1,0.0,0,0.39,68,0,0,0,0,1,0,0,1,0,0,0,0,0,0
2023-02-19 18:09:43.680000+00:00,2023-02-19 12:04:53.069418+00:00,2023-02-20 12:04:53.069418+00:00,2023-02-19 18:09:43.680000+00:00,0.0,1.28,0.01107,0,133.0,38.7723351,-122.7213364,1.12,0.0,8,0.01,19,0,0,0,1,0,0,0,0,0,0,1,0,0,0
2023-02-19 18:11:05.930000+00:00,2023-02-19 12:04:53.069418+00:00,2023-02-20 12:04:53.069418+00:00,2023-02-19 18:11:05.930000+00:00,0.0,-0.75,0.01011,0,145.0,38.7713318,-122.7213364,0.85,0.0,5,0.05,11,0,0,0,1,0,0,0,0,0,0,1,0,0,0
2023-02-19 18:19:27.719000+00:00,2023-02-19 12:04:53.069418+00:00,2023-02-20 12:04:53.069418+00:00,2023-02-19 18:19:27.719000+00:00,0.0,133.5,0.0,0,0.0,60.1969,-153.1817,2.2,0.0,0,1.01,74,0,0,0,0,1,0,0,1,0,0,0,0,0,0
2023-02-19 18:47:57.545000+00:00,2023-02-19 12:04:53.069418+00:00,2023-02-20 12:04:53.069418+00:00,2023-02-19 18:47:57.545000+00:00,0.0,0.0,0.0,0,0.0,63.1902,-151.3309,1.8,0.0,0,0.86,50,0,0,0,0,1,0,0,1,0,0,0,0,0,0
2023-02-19 18:54:03.750000+00:00,2023-02-19 12:04:53.069418+00:00,2023-02-20 12:04:53.069418+00:00,2023-02-19 18:54:03.750000+00:00,0.0,14.67,0.09006,0,81.0,33.4013333,-116.6513333,0.54,0.0,21,0.17,4,0,0,0,0,1,0,0,0,1,0,0,0,0,0
2023-02-19 18:55:42.802000+00:00,2023-02-19 12:04:53.069418+00:00,2023-02-20 12:04:53.069418+00:00,2023-02-19 18:55:42.802000+00:00,0.0,130.444,0.782,0,90.0,42.7977,143.1312,5.0,0.0,144,0.77,385,0,1,0,0,0,0,0,0,0,0,0,0,0,1
2023-02-19 19:11:02.151000+00:00,2023-02-19 12:04:53.069418+00:00,2023-02-20 12:04:53.069418+00:00,2023-02-19 19:11:02.151000+00:00,0.0,10.0,1.766,0,296.0,43.3965,-127.3047,3.2,0.0,20,0.93,158,0,0,0,0,1,0,0,0,0,0,0,0,0,1
2023-02-19 19:11:09.200000+00:00,2023-02-19 12:04:53.069418+00:00,2023-02-20 12:04:53.069418+00:00,2023-02-19 19:11:09.200000+00:00,0.0,1.78,0.01165,0,54.0,38.8349991,-122.8116684,0.85,0.0,14,0.01,11,0,0,0,1,0,0,0,0,0,0,1,0,0,0
2023-02-19 19:18:48.560000+00:00,2023-02-19 12:04:53.069418+00:00,2023-02-20 12:04:53.069418+00:00,2023-02-19 19:18:48.560000+00:00,0.0,0.97,0.01374,0,34.0,38.7709999,-122.7481689,2.35,0.0,50,0.07,85,0,0,0,1,0,0,0,0,0,0,1,0,0,0
2023-02-19 19:21:59.550000+00:00,2023-02-19 12:04:53.069418+00:00,2023-02-20 12:04:53.069418+00:00,2023-02-19 19:21:59.550000+00:00,0.0,3.64,0.09647,0,65.0,35.9068333,-117.7348333,0.92,0.0,15,0.22,13,0,0,0,0,1,0,0,0,1,0,0,0,0,0
2023-02-19 19:30:23.480000+00:00,2023-02-19 12:04:53.069418+00:00,2023-02-20 12:04:53.069418+00:00,2023-02-19 19:30:23.480000+00:00,0.0,1.22,0.01157,0,68.0,38.7716675,-122.7360001,1.08,0.0,14,0.02,18,0,0,0,1,0,0,0,0,0,0,1,0,0,0
2023-02-19 19:40:59.170000+00:00,2023-02-19 12:04:53.069418+00:00,2023-02-20 12:04:53.069418+00:00,2023-02-19 19:40:59.170000+00:00,0.0,1.98,0.01484,0,111.0,38.8381653,-122.8079987,0.69,0.0,7,0.02,7,0,0,0,1,0,0,0,0,0,0,1,0,0,0
2023-02-19 19:51:50.848000+00:00,2023-02-19 12:04:53.069418+00:00,2023-02-20 12:04:53.069418+00:00,2023-02-19 19:51:50.848000+00:00,0.0,13.9,0.0,0,0.0,63.5424,-157.8976,3.4,4.783,0,0.82,178,0,0,0,0,1,0,0,1,0,0,0,0,0,0
2023-02-19 20:10:40.248000+00:00,2023-02-19 12:04:53.069418+00:00,2023-02-20 12:04:53.069418+00:00,2023-02-19 20:10:40.248000+00:00,0.0,10.4,0.0,0,0.0,58.2214,-155.1642,1.0,0.0,0,0.65,15,0,0,0,0,1,0,0,1,0,0,0,0,0,0
2023-02-19 20:11:26.230000+00:00,2023-02-19 12:04:53.069418+00:00,2023-02-20 12:04:53.069418+00:00,2023-02-19 20:11:26.230000+00:00,0.0,0.35,0.06601,0,74.0,33.0375,-116.401,1.04,0.0,23,0.32,17,0,0,0,0,1,0,0,0,1,0,0,0,0,0
2023-02-19 20:12:18.125000+00:00,2023-02-19 12:04:53.069418+00:00,2023-02-20 12:04:53.069418+00:00,2023-02-19 20:12:18.125000+00:00,0.0,85.3,0.0,0,0.0,62.7727,-150.5725,1.5,0.0,0,0.66,35,0,0,0,0,1,0,0,1,0,0,0,0,0,0
2023-02-19 20:14:52.468000+00:00,2023-02-19 12:04:53.069418+00:00,2023-02-20 12:04:53.069418+00:00,2023-02-19 20:14:52.468000+00:00,0.0,0.0,0.0,0,0.0,63.1525,-144.4545,1.6,0.0,0,0.6,39,0,0,0,0,1,0,0,1,0,0,0,0,0,0
2023-02-19 20:16:29.488000+00:00,2023-02-19 12:04:53.069418+00:00,2023-02-20 12:04:53.069418+00:00,2023-02-19 20:16:29.488000+00:00,0.0,10.0,8.002,0,78.0,-12.7247,66.3437,4.9,0.0,103,0.55,369,0,1,0,0,0,0,0,0,0,0,0,0,0,1
2023-02-19 20:21:58.240000+00:00,2023-02-19 12:04:53.069418+00:00,2023-02-20 12:04:53.069418+00:00,2023-02-19 20:21:58.240000+00:00,0.0,5.21,0.06644,0,40.0,33.038,-116.4016667,1.34,0.0,37,0.19,28,0,0,0,0,1,0,0,0,1,0,0,0,0,0
2023-02-19 20:27:18.320000+00:00,2023-02-19 12:04:53.069418+00:00,2023-02-20 12:04:53.069418+00:00,2023-02-19 20:27:18.320000+00:00,0.0,4.8,0.08685,0,158.0,39.7389984,-121.7796631,1.95,0.0,5,0.04,58,0,0,0,1,0,0,0,0,0,0,1,0,0,0
2023-02-19 20:38:48.190000+00:00,2023-02-19 12:04:53.069418+00:00,2023-02-20 12:04:53.069418+00:00,2023-02-19 20:38:48.190000+00:00,0.0,1.4,0.0039,0,73.0,38.8348351,-122.7883301,0.29,0.0,8,0.02,1,0,0,0,1,0,0,0,0,0,0,1,0,0,0
2023-02-19 20:41:30.690000+00:00,2023-02-19 12:04:53.069418+00:00,2023-02-20 12:04:53.069418+00:00,2023-02-19 20:41:30.690000+00:00,0.0,4.25,0.1808,0,63.0,33.252,-116.0501667,1.21,0.0,26,0.36,23,0,0,0,0,1,0,0,0,1,0,0,0,0,0
2023-02-19 20:55:44.750000+00:00,2023-02-19 12:04:53.069418+00:00,2023-02-20 12:04:53.069418+00:00,2023-02-19 20:55:44.750000+00:00,0.0,11.11,0.05812,0,208.0,17.9301666666667,-66.8401666666667,2.92,0.0,13,0.19,131,0,0,0,1,0,0,0,0,0,0,0,0,1,0
2023-02-19 21:03:15.040000+00:00,2023-02-19 12:04:53.069418+00:00,2023-02-20 12:04:53.069418+00:00,2023-02-19 21:03:15.040000+00:00,0.0,5.39,0.08522,0,119.0,37.5125,-118.874,0.99,0.0,13,0.04,15,0,0,0,1,0,0,0,0,0,0,1,0,0,0
2023-02-19 21:28:19.169000+00:00,2023-02-19 12:04:53.069418+00:00,2023-02-20 12:04:53.069418+00:00,2023-02-19 21:28:19.169000+00:00,0.0,35.0,1.244,0,140.0,53.1914,160.6941,4.3,0.0,33,0.87,284,0,1,0,0,0,0,0,0,0,0,0,0,0,1
2023-02-19 21:30:17.786000+00:00,2023-02-19 12:04:53.069418+00:00,2023-02-20 12:04:53.069418+00:00,2023-02-19 21:30:17.786000+00:00,0.0,0.0,0.0,0,0.0,63.546,-150.8442,1.4,0.0,0,0.48,30,0,0,0,0,1,0,0,1,0,0,0,0,0,0
2023-02-19 21:30:30.207000+00:00,2023-02-19 12:04:53.069418+00:00,2023-02-20 12:04:53.069418+00:00,2023-02-19 21:30:30.207000+00:00,2.0,10.0,0.146,1,105.0,37.3597,36.8864,3.9,0.0,34,0.68,234,0,0,0,0,0,1,0,0,0,0,0,0,0,1
2023-02-19 21:47:02.840000+00:00,2023-02-19 12:04:53.069418+00:00,2023-02-20 12:04:53.069418+00:00,2023-02-19 21:47:02.840000+00:00,0.0,2.13,0.02018,0,134.0,38.822834,-122.8516693,0.42,0.0,8,0.01,3,0,0,0,1,0,0,0,0,0,0,1,0,0,0
2023-02-19 21:58:29.140000+00:00,2023-02-19 12:04:53.069418+00:00,2023-02-20 12:04:53.069418+00:00,2023-02-19 21:58:29.140000+00:00,0.0,26.17,0.08957,0,80.0,33.3333333,-117.2185,0.93,0.0,14,0.26,13,0,0,0,0,1,0,0,0,1,0,0,0,0,0
2023-02-19 22:07:18.490000+00:00,2023-02-19 12:04:53.069418+00:00,2023-02-20 12:04:53.069418+00:00,2023-02-19 22:07:18.490000+00:00,0.0,16.14,0.09197,0,84.0,33.8946667,-116.8801667,0.7,0.0,16,0.16,8,0,0,0,0,1,0,0,0,1,0,0,0,0,0
2023-02-19 22:09:12.608000+00:00,2023-02-19 12:04:53.069418+00:00,2023-02-20 12:04:53.069418+00:00,2023-02-19 22:09:12.608000+00:00,0.0,227.176,2.374,0,105.0,2.8491,128.5417,4.6,0.0,55,0.73,326,0,1,0,0,0,0,0,0,0,0,0,0,0,1
2023-02-19 22:09:55.119000+00:00,2023-02-19 12:04:53.069418+00:00,2023-02-20 12:04:53.069418+00:00,2023-02-19 22:09:55.119000+00:00,0.0,1.1,0.0,0,0.0,62.3546,-149.1151,1.9,0.0,0,0.58,56,0,0,0,0,1,0,0,1,0,0,0,0,0,0
2023-02-19 22:18:24.404000+00:00,2023-02-19 12:04:53.069418+00:00,2023-02-20 12:04:53.069418+00:00,2023-02-19 22:18:24.404000+00:00,0.0,0.0,0.0,0,0.0,58.1725,-155.2863,1.6,0.0,0,0.85,39,0,0,0,0,1,0,0,1,0,0,0,0,0,0
2023-02-19 22:24:37.613000+00:00,2023-02-19 12:04:53.069418+00:00,2023-02-20 12:04:53.069418+00:00,2023-02-19 22:24:37.613000+00:00,0.0,19.8,0.0,0,0.0,58.1218,-155.4059,0.5,0.0,0,0.64,4,0,0,0,0,1,0,0,1,0,0,0,0,0,0
2023-02-19 22:29:38.378000+00:00,2023-02-19 12:04:53.069418+00:00,2023-02-20 12:04:53.069418+00:00,2023-02-19 22:29:38.378000+00:00,0.0,33.9,0.0,0,0.0,60.8188,-150.2524,1.5,0.0,0,0.4,35,0,0,0,0,1,0,0,1,0,0,0,0,0,0
2023-02-19 22:37:51.520000+00:00,2023-02-19 12:04:53.069418+00:00,2023-02-20 12:04:53.069418+00:00,2023-02-19 22:37:51.520000+00:00,0.0,3.58,0.02889,0,82.0,36.0138321,-120.5718307,1.4,0.0,14,0.08,30,0,0,0,1,0,0,0,0,0,0,1,0,0,0
2023-02-19 22:39:26.750000+00:00,2023-02-19 12:04:53.069418+00:00,2023-02-20 12:04:53.069418+00:00,2023-02-19 22:39:26.750000+00:00,0.0,1.9,0.01593,0,59.0,38.7781677,-122.7151642,1.86,0.0,25,0.06,53,0,0,0,1,0,0,0,0,0,0,1,0,0,0
2023-02-19 22:41:22.260000+00:00,2023-02-19 12:04:53.069418+00:00,2023-02-20 12:04:53.069418+00:00,2023-02-19 22:41:22.260000+00:00,0.0,17.35,0.03244,0,21.0,33.7041667,-116.7521667,1.74,0.0,59,0.21,47,0,0,0,0,1,0,0,0,1,0,0,0,0,0
2023-02-19 22:54:04.705000+00:00,2023-02-19 12:04:53.069418+00:00,2023-02-20 12:04:53.069418+00:00,2023-02-19 22:54:04.705000+00:00,0.0,76.5,0.0,0,0.0,63.1866,-149.9197,1.6,0.0,0,0.52,39,0,0,0,0,1,0,0,1,0,0,0,0,0,0
2023-02-19 22:56:53.036000+00:00,2023-02-19 12:04:53.069418+00:00,2023-02-20 12:04:53.069418+00:00,2023-02-19 22:56:53.036000+00:00,3.4,17.308,0.194,2,136.0,10.0899,-84.2877,4.5,0.0,22,0.62,312,0,1,0,0,0,0,0,0,0,0,0,0,0,1
2023-02-19 23:04:22.163000+00:00,2023-02-19 12:04:53.069418+00:00,2023-02-20 12:04:53.069418+00:00,2023-02-19 23:04:22.163000+00:00,0.0,12.0,0.0,0,0.0,62.3561,-149.0755,1.4,0.0,0,0.6,30,0,0,0,0,1,0,0,1,0,0,0,0,0,0
2023-02-19 23:12:21.703000+00:00,2023-02-19 12:04:53.069418+00:00,2023-02-20 12:04:53.069418+00:00,2023-02-19 23:12:21.703000+00:00,0.0,35.0,1.977,0,109.0,2.7229,126.9757,4.9,0.0,56,0.81,369,0,1,0,0,0,0,0,0,0,0,0,0,0,1
2023-02-19 23:13:06.782000+00:00,2023-02-19 12:04:53.069418+00:00,2023-02-20 12:04:53.069418+00:00,2023-02-19 23:13:06.782000+00:00,0.0,10.046,4.337,0,115.0,-5.9896,129.156,4.3,0.0,16,0.96,284,0,1,0,0,0,0,0,0,0,0,0,0,0,1
2023-02-19 23:16:42.498000+00:00,2023-02-19 12:04:53.069418+00:00,2023-02-20 12:04:53.069418+00:00,2023-02-19 23:16:42.498000+00:00,0.0,0.7,0.0,0,0.0,58.1952,-155.3098,0.6,0.0,0,0.55,6,0,0,0,0,1,0,0,1,0,0,0,0,0,0
2023-02-19 23:21:18.019000+00:00,2023-02-19 12:04:53.069418+00:00,2023-02-20 12:04:53.069418+00:00,2023-02-19 23:21:18.019000+00:00,0.0,121.801,1.153,0,101.0,-17.5772,-174.4632,4.5,0.0,25,0.63,312,0,1,0,0,0,0,0,0,0,0,0,0,0,1
2023-02-19 23:23:20.299000+00:00,2023-02-19 12:04:53.069418+00:00,2023-02-20 12:04:53.069418+00:00,2023-02-19 23:23:20.299000+00:00,0.0,5.078894615,0.1937906593,0,83.70829964,36.36672592,-98.15239716,1.58,0.0,14,0.2046449551,38,0,0,0,0,1,0,0,0,0,0,0,1,0,0
2023-02-19 23:23:35.901000+00:00,2023-02-19 12:04:53.069418+00:00,2023-02-20 12:04:53.069418+00:00,2023-02-19 23:23:35.901000+00:00,0.0,10.0,15.997,0,92.0,-34.287,-125.9946,5.3,0.0,35,0.56,432,0,1,0,0,0,0,0,0,0,0,0,0,0,1
2023-02-19 23:30:40.330000+00:00,2023-02-19 12:04:53.069418+00:00,2023-02-20 12:04:53.069418+00:00,2023-02-19 23:30:40.330000+00:00,0.0,12.5,0.05944,0,208.0,17.9288333333333,-66.8396666666667,2.46,0.0,10,0.15,93,0,0,0,1,0,0,0,0,0,0,0,0,1,0
2023-02-19 23:33:20.265000+00:00,2023-02-19 12:04:53.069418+00:00,2023-02-20 12:04:53.069418+00:00,2023-02-19 23:33:20.265000+00:00,0.0,61.5,0.0,0,0.0,61.6624,-150.7852,1.4,0.0,0,0.68,30,0,0,0,0,1,0,0,1,0,0,0,0,0,0
2023-02-19 23:37:58.190000+00:00,2023-02-19 12:04:53.069418+00:00,2023-02-20 12:04:53.069418+00:00,2023-02-19 23:37:58.190000+00:00,0.0,8.06,0.06122,0,79.0,33.614,-116.6925,0.45,0.0,13,0.27,3,0,0,0,0,1,0,0,0,1,0,0,0,0,0
2023-02-19 23:40:03.543000+00:00,2023-02-19 12:04:53.069418+00:00,2023-02-20 12:04:53.069418+00:00,2023-02-19 23:40:03.543000+00:00,0.0,17.6,0.0,0,0.0,61.2526,-141.1405,1.4,0.0,0,0.11,30,0,0,0,0,1,0,0,1,0,0,0,0,0,0
2023-02-19 23:41:20.409000+00:00,2023-02-19 12:04:53.069418+00:00,2023-02-20 12:04:53.069418+00:00,2023-02-19 23:41:20.409000+00:00,0.0,0.0,0.0,0,0.0,60.9353,-147.8412,2.4,0.0,0,0.7,89,0,0,0,0,1,0,0,1,0,0,0,0,0,0
2023-02-19 23:44:42.890000+00:00,2023-02-19 12:04:53.069418+00:00,2023-02-20 12:04:53.069418+00:00,2023-02-19 23:44:42.890000+00:00,0.0,1.51,0.005857,0,90.0,38.7890015,-122.7353363,1.09,0.0,15,0.01,18,0,0,0,1,0,0,0,0,0,0,1,0,0,0
2023-02-19 23:54:25.200000+00:00,2023-02-19 12:04:53.069418+00:00,2023-02-20 12:04:53.069418+00:00,2023-02-19 23:54:25.200000+00:00,0.0,1.05,0.009448,0,47.0,38.8271675,-122.821167,1.06,0.0,19,0.04,17,0,0,0,1,0,0,0,0,0,0,1,0,0,0
2023-02-19 23:57:26.573000+00:00,2023-02-19 12:04:53.069418+00:00,2023-02-20 12:04:53.069418+00:00,2023-02-19 23:57:26.573000+00:00,0.0,10.0,0.825,0,66.0,38.2671,38.8204,4.2,0.0,55,0.56,271,0,1,0,0,0,0,0,0,0,0,0,0,0,1
2023-02-19 23:58:35.700000+00:00,2023-02-19 12:04:53.069418+00:00,2023-02-20 12:04:53.069418+00:00,2023-02-19 23:58:35.700000+00:00,0.0,2.18,0.006351,0,91.0,38.8366661,-122.7981644,0.67,0.0,8,0.01,7,0,0,0,1,0,0,0,0,0,0,1,0,0,0
2023-02-20 00:01:18.943000+00:00,2023-02-19 12:04:53.069418+00:00,2023-02-20 12:04:53.069418+00:00,2023-02-20 00:01:18.943000+00:00,0.0,35.0,1.964,0,110.0,2.7077,126.965,4.7,0.0,66,0.62,340,0,1,0,0,0,0,0,0,0,0,0,0,0,1
2023-02-20 00:10:11.485000+00:00,2023-02-19 12:04:53.069418+00:00,2023-02-20 12:04:53.069418+00:00,2023-02-20 00:10:11.485000+00:00,0.0,16.6,0.0,0,0.0,62.0261,-150.1666,1.3,0.0,0,0.48,26,0,0,0,0,1,0,0,1,0,0,0,0,0,0
2023-02-20 00:11:32.450000+00:00,2023-02-19 12:04:53.069418+00:00,2023-02-20 12:04:53.069418+00:00,2023-02-20 00:11:32.450000+00:00,0.0,28.9899997711182,0.0,0,229.0,19.0953330993652,-155.412338256836,1.98000002,0.0,31,0.129999995,60,0,0,0,1,0,0,0,0,0,1,0,0,0,0
2023-02-20 00:20:02.620000+00:00,2023-02-19 12:04:53.069418+00:00,2023-02-20 12:04:53.069418+00:00,2023-02-20 00:20:02.620000+00:00,0.0,12.81,0.07619,0,56.0,33.0448333,-116.384,1.06,0.0,22,0.19,17,0,0,0,0,1,0,0,0,1,0,0,0,0,0
2023-02-20 00:28:09.850000+00:00,2023-02-19 12:04:53.069418+00:00,2023-02-20 12:04:53.069418+00:00,2023-02-20 00:28:09.850000+00:00,0.0,10.13,0.0313,0,124.0,17.9933333333333,-67.0228333333333,2.58,0.0,12,0.15,102,0,0,0,1,0,0,0,0,0,0,0,0,1,0
2023-02-20 00:30:48.646000+00:00,2023-02-19 12:04:53.069418+00:00,2023-02-20 12:04:53.069418+00:00,2023-02-20 00:30:48.646000+00:00,0.0,18.5,0.0,0,0.0,64.9375,-148.9498,0.9,0.0,0,0.18,12,0,0,0,0,1,0,0,1,0,0,0,0,0,0
2023-02-20 00:37:30.257000+00:00,2023-02-19 12:04:53.069418+00:00,2023-02-20 12:04:53.069418+00:00,2023-02-20 00:37:30.257000+00:00,0.0,10.0,1.314,0,41.0,38.6413,39.9166,4.7,0.0,82,0.82,340,0,0,0,0,0,1,0,0,0,0,0,0,0,1
2023-02-20 00:39:03.271000+00:00,2023-02-19 12:04:53.069418+00:00,2023-02-20 12:04:53.069418+00:00,2023-02-20 00:39:03.271000+00:00,0.0,10.0,1.343,0,57.0,38.691,39.978,4.5,0.0,41,0.58,312,0,0,0,0,0,1,0,0,0,0,0,0,0,1
2023-02-20 00:58:49.293000+00:00,2023-02-19 12:04:53.069418+00:00,2023-02-20 12:04:53.069418+00:00,2023-02-20 00:58:49.293000+00:00,0.0,14.809,1.321,0,74.0,38.668,39.9382,4.2,0.0,18,0.72,271,0,1,0,0,0,0,0,0,0,0,0,0,0,1
2023-02-20 01:01:50.883000+00:00,2023-02-19 12:04:53.069418+00:00,2023-02-20 12:04:53.069418+00:00,2023-02-20 01:01:50.883000+00:00,0.0,60.8,0.0,0,0.0,62.987,-149.4683,1.5,0.0,0,0.3,35,0,0,0,0,1,0,0,1,0,0,0,0,0,0
2023-02-20 01:07:38.336000+00:00,2023-02-19 12:04:53.069418+00:00,2023-02-20 12:04:53.069418+00:00,2023-02-20 01:07:38.336000+00:00,0.0,11.378,1.377,0,82.0,38.6477,40.0047,4.4,0.0,48,0.9,298,0,1,0,0,0,0,0,0,0,0,0,0,0,1
2023-02-20 01:11:16.973000+00:00,2023-02-19 12:04:53.069418+00:00,2023-02-20 12:04:53.069418+00:00,2023-02-20 01:11:16.973000+00:00,0.0,10.0,1.842,0,56.0,38.6742,14.1556,4.5,0.0,50,0.73,312,0,1,0,0,0,0,0,0,0,0,0,0,0,1
2023-02-20 01:16:24.010000+00:00,2023-02-19 12:04:53.069418+00:00,2023-02-20 12:04:53.069418+00:00,2023-02-20 01:16:24.010000+00:00,0.0,16.47,0.1228,0,35.0,34.1075,-117.3196667,1.16,0.0,32,0.2,21,0,0,0,0,1,0,0,0,1,0,0,0,0,0
2023-02-20 01:16:34.320000+00:00,2023-02-19 12:04:53.069418+00:00,2023-02-20 12:04:53.069418+00:00,2023-02-20 01:16:34.320000+00:00,0.0,0.48,0.1574,0,102.0,33.8673333,-117.2615,1.09,0.0,14,0.34,18,0,0,0,0,1,0,0,0,1,0,0,0,0,0
2023-02-20 01:18:13.825000+00:00,2023-02-19 12:04:53.069418+00:00,2023-02-20 12:04:53.069418+00:00,2023-02-20 01:18:13.825000+00:00,0.0,14.7,0.0,0,0.0,65.009,-147.3715,0.7,0.0,0,0.77,8,0,0,0,0,1,0,0,1,0,0,0,0,0,0
2023-02-20 01:27:46.790000+00:00,2023-02-19 12:04:53.069418+00:00,2023-02-20 12:04:53.069418+00:00,2023-02-20 01:27:46.790000+00:00,0.0,1.59,0.001722,0,162.0,38.8373337,-122.836998,0.31,0.0,7,0.01,1,0,0,0,1,0,0,0,0,0,0,1,0,0,0
2023-02-20 01:33:29.285000+00:00,2023-02-19 12:04:53.069418+00:00,2023-02-20 12:04:53.069418+00:00,2023-02-20 01:33:29.285000+00:00,0.0,21.712,1.131,0,145.0,1.8963,96.6097,4.9,0.0,59,0.63,369,0,1,0,0,0,0,0,0,0,0,0,0,0,1
2023-02-20 01:41:52.890000+00:00,2023-02-19 12:04:53.069418+00:00,2023-02-20 12:04:53.069418+00:00,2023-02-20 01:41:52.890000+00:00,0.0,14.26,0.06547,0,33.0,34.0128333,-117.1786667,1.27,0.0,47,0.19,25,0,0,0,0,1,0,0,0,1,0,0,0,0,0
2023-02-20 01:41:57.960000+00:00,2023-02-19 12:04:53.069418+00:00,2023-02-20 12:04:53.069418+00:00,2023-02-20 01:41:57.960000+00:00,0.0,0.71,0.06644,0,85.0,33.9101667,-117.3011667,1.08,0.0,17,0.46,18,0,0,0,0,1,0,0,0,1,0,0,0,0,0
2023-02-20 01:42:47.730000+00:00,2023-02-19 12:04:53.069418+00:00,2023-02-20 12:04:53.069418+00:00,2023-02-20 01:42:47.730000+00:00,0.0,14.69,0.06482,0,47.0,34.0121667,-117.1788333,1.54,0.0,52,0.24,36,0,0,0,0,1,0,0,0,1,0,0,0,0,0
2023-02-20 01:48:59.785000+00:00,2023-02-19 12:04:53.069418+00:00,2023-02-20 12:04:53.069418+00:00,2023-02-20 01:48:59.785000+00:00,0.0,10.0,0.465,0,52.0,37.9658,36.8106,4.3,0.0,64,1.2,284,0,1,0,0,0,0,0,0,0,0,0,0,0,1
2023-02-20 01:53:38.510000+00:00,2023-02-19 12:04:53.069418+00:00,2023-02-20 12:04:53.069418+00:00,2023-02-20 01:53:38.510000+00:00,0.0,2.69,0.004916,0,93.0,38.8231659,-122.8539963,0.62,0.0,14,0.02,6,0,0,0,1,0,0,0,0,0,0,1,0,0,0
2023-02-20 02:07:47.061000+00:00,2023-02-19 12:04:53.069418+00:00,2023-02-20 12:04:53.069418+00:00,2023-02-20 02:07:47.061000+00:00,0.0,48.7,0.0,0,0.0,62.5345,-149.1794,1.4,0.0,0,0.65,30,0,0,0,0,1,0,0,1,0,0,0,0,0,0
2023-02-20 02:08:02.800000+00:00,2023-02-19 12:04:53.069418+00:00,2023-02-20 12:04:53.069418+00:00,2023-02-20 02:08:02.800000+00:00,0.0,2.32,0.007348,0,78.0,38.8294983,-122.8153305,0.48,0.0,9,0.01,4,0,0,0,1,0,0,0,0,0,0,1,0,0,0
2023-02-20 02:17:35.736000+00:00,2023-02-19 12:04:53.069418+00:00,2023-02-20 12:04:53.069418+00:00,2023-02-20 02:17:35.736000+00:00,0.0,1.263,0.381,0,36.0,32.7598,-100.666,2.5,0.0,34,0.49,96,0,0,1,0,0,0,0,0,0,0,0,0,0,1
2023-02-20 02:17:56.280000+00:00,2023-02-19 12:04:53.069418+00:00,2023-02-20 12:04:53.069418+00:00,2023-02-20 02:17:56.280000+00:00,0.0,8.22,0.4124,0,144.0,33.7006667,-117.6213333,1.49,0.0,8,0.2,34,0,0,0,0,1,0,0,0,1,0,0,0,0,0
2023-02-20 02:31:11.290000+00:00,2023-02-19 12:04:53.069418+00:00,2023-02-20 12:04:53.069418+00:00,2023-02-20 02:31:11.290000+00:00,2.2,11.5,0.04491,1,20.0,33.7751667,-116.931,2.17,0.0,84,0.21,73,0,0,0,0,1,0,0,0,1,0,0,0,0,0
2023-02-20 02:39:52.298000+00:00,2023-02-19 12:04:53.069418+00:00,2023-02-20 12:04:53.069418+00:00,2023-02-20 02:39:52.298000+00:00,0.0,10.0,0.0,0,0.0,58.1628,-155.3267,0.9,0.0,0,0.45,12,0,0,0,0,1,0,0,1,0,0,0,0,0,0
2023-02-20 02:53:49.998000+00:00,2023-02-19 12:04:53.069418+00:00,2023-02-20 12:04:53.069418+00:00,2023-02-20 02:53:49.998000+00:00,0.0,10.6,0.0,0,0.0,58.2251,-154.5911,1.1,0.0,0,0.37,19,0,0,0,0,1,0,0,1,0,0,0,0,0,0
2023-02-20 03:07:29.481000+00:00,2023-02-19 12:04:53.069418+00:00,2023-02-20 12:04:53.069418+00:00,2023-02-20 03:07:29.481000+00:00,0.0,96.501,1.738,0,130.0,-5.405,150.9071,4.3,0.0,20,0.49,284,0,1,0,0,0,0,0,0,0,0,0,0,0,1
2023-02-20 03:08:45.005000+00:00,2023-02-19 12:04:53.069418+00:00,2023-02-20 12:04:53.069418+00:00,2023-02-20 03:08:45.005000+00:00,0.0,91.8,0.0,0,0.0,59.8436,-152.9342,1.4,0.0,0,0.39,30,0,0,0,0,1,0,0,1,0,0,0,0,0,0
2023-02-20 03:09:47.719000+00:00,2023-02-19 12:04:53.069418+00:00,2023-02-20 12:04:53.069418+00:00,2023-02-20 03:09:47.719000+00:00,1.0,10.0,8.264,1,111.0,15.2128,122.8285,5.0,0.0,89,0.81,385,0,1,0,0,0,0,0,0,0,0,0,0,0,1
2023-02-20 03:16:24.900000+00:00,2023-02-19 12:04:53.069418+00:00,2023-02-20 12:04:53.069418+00:00,2023-02-20 03:16:24.900000+00:00,0.0,2.76,0.1279,0,53.0,33.2461667,-115.788,1.43,0.0,27,0.25,31,0,0,0,0,1,0,0,0,1,0,0,0,0,0
2023-02-20 03:16:49.780000+00:00,2023-02-19 12:04:53.069418+00:00,2023-02-20 12:04:53.069418+00:00,2023-02-20 03:16:49.780000+00:00,0.0,3.09,0.1287,0,33.0,33.2441667,-115.7846667,1.76,0.0,43,0.21,48,0,0,0,0,1,0,0,0,1,0,0,0,0,0
2023-02-20 03:30:23.570000+00:00,2023-02-19 12:04:53.069418+00:00,2023-02-20 12:04:53.069418+00:00,2023-02-20 03:30:23.570000+00:00,0.0,1.05,0.00979,0,111.0,38.7804985,-122.7666702,0.71,0.0,7,0.02,8,0,0,0,1,0,0,0,0,0,0,1,0,0,0
2023-02-20 03:34:11.430000+00:00,2023-02-19 12:04:53.069418+00:00,2023-02-20 12:04:53.069418+00:00,2023-02-20 03:34:11.430000+00:00,0.0,12.34,0.04135,0,79.0,33.4911667,-116.4568333,0.76,0.0,27,0.24,9,0,0,0,0,1,0,0,0,1,0,0,0,0,0
2023-02-20 03:39:00.060000+00:00,2023-02-19 12:04:53.069418+00:00,2023-02-20 12:04:53.069418+00:00,2023-02-20 03:39:00.060000+00:00,0.0,3.44,0.1931,0,114.0,34.0528333,-118.165,0.83,0.0,9,0.23,11,0,0,0,0,1,0,0,0,1,0,0,0,0,0
2023-02-20 03:39:29.300000+00:00,2023-02-19 12:04:53.069418+00:00,2023-02-20 12:04:53.069418+00:00,2023-02-20 03:39:29.300000+00:00,0.0,8.04,0.06061,0,37.0,34.26,-116.4451667,1.74,0.0,48,0.19,47,0,0,0,0,1,0,0,0,1,0,0,0,0,0
2023-02-20 03:45:38.572000+00:00,2023-02-19 12:04:53.069418+00:00,2023-02-20 12:04:53.069418+00:00,2023-02-20 03:45:38.572000+00:00,0.0,7.526,1.327,0,62.0,38.6708,39.9482,4.3,0.0,47,0.5,284,0,1,0,0,0,0,0,0,0,0,0,0,0,1
2023-02-20 04:02:50.388000+00:00,2023-02-19 12:04:53.069418+00:00,2023-02-20 12:04:53.069418+00:00,2023-02-20 04:02:50.388000+00:00,0.0,85.7,0.0,0,0.0,62.8689,-150.782,1.5,0.0,0,0.3,35,0,0,0,0,1,0,0,1,0,0,0,0,0,0
2023-02-20 04:05:03.974000+00:00,2023-02-19 12:04:53.069418+00:00,2023-02-20 12:04:53.069418+00:00,2023-02-20 04:05:03.974000+00:00,0.0,10.0,2.619,0,74.0,-22.4556,-174.2759,5.1,0.0,71,1.29,400,0,1,0,0,0,0,0,0,0,0,0,0,0,1
2023-02-20 04:09:17.600000+00:00,2023-02-19 12:04:53.069418+00:00,2023-02-20 12:04:53.069418+00:00,2023-02-20 04:09:17.600000+00:00,0.0,0.0,0.0,0,0.0,63.1808,-151.3395,2.3,0.0,0,0.85,81,0,0,0,0,1,0,0,1,0,0,0,0,0,0
2023-02-20 04:09:18.270000+00:00,2023-02-19 12:04:53.069418+00:00,2023-02-20 12:04:53.069418+00:00,2023-02-20 04:09:18.270000+00:00,0.0,1.53,0.003682,0,87.0,38.786335,-122.734169,1.05,0.0,12,0.02,17,0,0,0,1,0,0,0,0,0,0,1,0,0,0
2023-02-20 04:12:54.234000+00:00,2023-02-19 12:04:53.069418+00:00,2023-02-20 12:04:53.069418+00:00,2023-02-20 04:12:54.234000+00:00,0.0,62.2,0.0,0,0.0,59.4906,-152.7897,1.7,0.0,0,0.7,44,0,0,0,0,1,0,0,1,0,0,0,0,0,0
2023-02-20 04:25:36.900000+00:00,2023-02-19 12:04:53.069418+00:00,2023-02-20 12:04:53.069418+00:00,2023-02-20 04:25:36.900000+00:00,0.0,72.1,0.0,0,0.0,60.4419,-151.7467,1.5,0.0,0,0.54,35,0,0,0,0,1,0,0,1,0,0,0,0,0,0
2023-02-20 04:27:33.300000+00:00,2023-02-19 12:04:53.069418+00:00,2023-02-20 12:04:53.069418+00:00,2023-02-20 04:27:33.300000+00:00,0.0,17.82,0.8784,0,323.0,31.7785,-115.5696667,2.61,0.0,6,0.29,105,0,0,0,0,1,0,0,0,1,0,0,0,0,0
2023-02-20 04:37:25.770000+00:00,2023-02-19 12:04:53.069418+00:00,2023-02-20 12:04:53.069418+00:00,2023-02-20 04:37:25.770000+00:00,0.0,2.22,0.01063,0,149.0,38.7949982,-122.7481689,1.08,0.0,14,0.02,18,0,0,0,1,0,0,0,0,0,0,1,0,0,0
2023-02-20 04:38:37.520000+00:00,2023-02-19 12:04:53.069418+00:00,2023-02-20 12:04:53.069418+00:00,2023-02-20 04:38:37.520000+00:00,0.0,19.59,0.06378,0,71.0,34.0286667,-116.7238333,0.98,0.0,26,0.25,15,0,0,0,0,1,0,0,0,1,0,0,0,0,0
2023-02-20 04:40:50.420000+00:00,2023-02-19 12:04:53.069418+00:00,2023-02-20 12:04:53.069418+00:00,2023-02-20 04:40:50.420000+00:00,0.0,10.22,0.1248,0,72.0,33.9183333,-116.9076667,0.67,0.0,16,0.18,7,0,0,0,0,1,0,0,0,1,0,0,0,0,0
2023-02-20 04:45:29.480000+00:00,2023-02-19 12:04:53.069418+00:00,2023-02-20 12:04:53.069418+00:00,2023-02-20 04:45:29.480000+00:00,0.0,30.1100006103516,0.0,0,223.0,19.1499996185303,-155.391326904297,1.71000004,0.0,32,0.100000001,45,0,0,0,1,0,0,0,0,0,1,0,0,0,0
2023-02-20 04:57:45.130000+00:00,2023-02-19 12:04:53.069418+00:00,2023-02-20 12:04:53.069418+00:00,2023-02-20 04:57:45.130000+00:00,0.0,1.75,0.009608,0,33.0,38.8216667,-122.7866669,1.53,0.0,29,0.02,36,0,0,0,1,0,0,0,0,0,0,1,0,0,0
2023-02-20 05:01:53.770000+00:00,2023-02-19 12:04:53.069418+00:00,2023-02-20 12:04:53.069418+00:00,2023-02-20 05:01:53.770000+00:00,0.0,2.12,0.02332,0,78.0,33.1736667,-115.648,1.2,0.0,15,0.1,22,0,0,0,0,1,0,0,0,1,0,0,0,0,0
2023-02-20 05:02:30.660000+00:00,2023-02-19 12:04:53.069418+00:00,2023-02-20 12:04:53.069418+00:00,2023-02-20 05:02:30.660000+00:00,0.0,2.52,0.02754,0,47.0,33.1656667,-115.648,1.49,0.0,23,0.2,34,0,0,0,0,1,0,0,0,1,0,0,0,0,0
2023-02-20 05:10:16.570000+00:00,2023-02-19 12:04:53.069418+00:00,2023-02-20 12:04:53.069418+00:00,2023-02-20 05:10:16.570000+00:00,0.0,11.18,0.06319,0,93.0,33.499,-116.4955,0.66,0.0,23,0.19,7,0,0,0,0,1,0,0,0,1,0,0,0,0,0
2023-02-20 05:34:16.295000+00:00,2023-02-19 12:04:53.069418+00:00,2023-02-20 12:04:53.069418+00:00,2023-02-20 05:34:16.295000+00:00,2.7,130.0,0.0,21,0.0,58.93,-154.5287,4.2,2.908,0,0.58,277,0,0,0,0,1,0,0,1,0,0,0,0,0,0
2023-02-20 05:35:18.210000+00:00,2023-02-19 12:04:53.069418+00:00,2023-02-20 12:04:53.069418+00:00,2023-02-20 05:35:18.210000+00:00,0.0,15.92,0.1393,0,65.0,33.9726667,-116.852,0.95,0.0,20,0.17,14,0,0,0,0,1,0,0,0,1,0,0,0,0,0
2023-02-20 05:42:41.910000+00:00,2023-02-19 12:04:53.069418+00:00,2023-02-20 12:04:53.069418+00:00,2023-02-20 05:42:41.910000+00:00,0.0,12.1,0.05328,0,221.0,17.9338333333333,-66.8435,2.56,0.0,8,0.08,101,0,0,0,1,0,0,0,0,0,0,0,0,1,0
2023-02-20 05:58:23.730000+00:00,2023-02-19 12:04:53.069418+00:00,2023-02-20 12:04:53.069418+00:00,2023-02-20 05:58:23.730000+00:00,0.0,124.4,0.0,0,0.0,60.2094,-153.055,2.2,0.0,0,0.59,74,0,0,0,0,1,0,0,1,0,0,0,0,0,0
2023-02-20 06:03:28.350000+00:00,2023-02-19 12:04:53.069418+00:00,2023-02-20 12:04:53.069418+00:00,2023-02-20 06:03:28.350000+00:00,0.0,105.07,0.7282,0,323.0,18.2466666666667,-67.8421666666667,3.39,0.0,8,0.16,177,0,0,0,1,0,0,0,0,0,0,0,0,1,0
2023-02-20 06:05:17.802000+00:00,2023-02-19 12:04:53.069418+00:00,2023-02-20 12:04:53.069418+00:00,2023-02-20 06:05:17.802000+00:00,0.0,122.0,0.0,0,0.0,56.9557,-157.7352,2.0,0.0,0,0.81,62,0,0,0,0,1,0,0,1,0,0,0,0,0,0
2023-02-20 06:22:35.730000+00:00,2023-02-19 12:04:53.069418+00:00,2023-02-20 12:04:53.069418+00:00,2023-02-20 06:22:35.730000+00:00,0.0,4.79,0.1004,0,38.0,32.9676667,-116.6983333,1.65,0.0,42,0.24,42,0,0,0,0,1,0,0,0,1,0,0,0,0,0
2023-02-20 06:26:54.024000+00:00,2023-02-19 12:04:53.069418+00:00,2023-02-20 12:04:53.069418+00:00,2023-02-20 06:26:54.024000+00:00,0.0,35.3,0.0,0,0.0,61.3572,-150.9999,1.7,0.0,0,0.65,44,0,0,0,0,1,0,0,1,0,0,0,0,0,0
2023-02-20 06:30:03.940000+00:00,2023-02-19 12:04:53.069418+00:00,2023-02-20 12:04:53.069418+00:00,2023-02-20 06:30:03.940000+00:00,0.0,10.37,0.1553,0,98.0,32.915,-116.2386667,0.65,0.0,16,0.16,6,0,0,0,0,1,0,0,0,1,0,0,0,0,0
2023-02-20 06:30:27.760000+00:00,2023-02-19 12:04:53.069418+00:00,2023-02-20 12:04:53.069418+00:00,2023-02-20 06:30:27.760000+00:00,0.0,22.96,0.05668,0,70.0,18.0858333333333,-66.9715,2.7,0.0,14,0.1,112,0,0,0,1,0,0,0,0,0,0,0,0,1,0
2023-02-20 06:54:59.630000+00:00,2023-02-19 12:04:53.069418+00:00,2023-02-20 12:04:53.069418+00:00,2023-02-20 06:54:59.630000+00:00,0.0,2.23,0.09251,0,75.0,35.8813333,-117.694,0.86,0.0,15,0.17,11,0,0,0,0,1,0,0,0,1,0,0,0,0,0
2023-02-20 06:56:55.146000+00:00,2023-02-19 12:04:53.069418+00:00,2023-02-20 12:04:53.069418+00:00,2023-02-20 06:56:55.146000+00:00,0.0,105.6,0.0,0,0.0,63.358,-149.6803,1.8,0.0,0,0.29,50,0,0,0,0,1,0,0,1,0,0,0,0,0,0
2023-02-20 06:59:45.150000+00:00,2023-02-19 12:04:53.069418+00:00,2023-02-20 12:04:53.069418+00:00,2023-02-20 06:59:45.150000+00:00,0.0,7.95,0.007105,0,72.0,36.9365005,-121.6673355,1.45,0.0,14,0.08,32,0,0,0,1,0,0,0,0,0,0,1,0,0,0
2023-02-20 07:02:15.256000+00:00,2023-02-19 12:04:53.069418+00:00,2023-02-20 12:04:53.069418+00:00,2023-02-20 07:02:15.256000+00:00,0.0,9.6,0.0,0,0.0,64.7314,-147.9516,1.2,0.0,0,1.1,22,0,0,0,0,1,0,0,1,0,0,0,0,0,0
2023-02-20 07:05:41.880000+00:00,2023-02-19 12:04:53.069418+00:00,2023-02-20 12:04:53.069418+00:00,2023-02-20 07:05:41.880000+00:00,0.0,1.11,0.00682,0,69.0,38.7963333,-122.7665024,1.27,0.0,20,0.02,25,0,0,0,1,0,0,0,0,0,0,1,0,0,0
2023-02-20 07:13:47.280000+00:00,2023-02-19 12:04:53.069418+00:00,2023-02-20 12:04:53.069418+00:00,2023-02-20 07:13:47.280000+00:00,0.0,6.44999980926514,0.0,0,109.0,19.3274993896484,-155.130493164062,2.72,0.0,37,0.119999997,114,0,0,0,0,1,0,0,0,0,1,0,0,0,0
2023-02-20 07:24:41.972000+00:00,2023-02-19 12:04:53.069418+00:00,2023-02-20 12:04:53.069418+00:00,2023-02-20 07:24:41.972000+00:00,0.0,33.0,0.0,0,0.0,61.7528,-147.3702,1.7,0.0,0,0.74,44,0,0,0,0,1,0,0,1,0,0,0,0,0,0
2023-02-20 07:33:01.033000+00:00,2023-02-19 12:04:53.069418+00:00,2023-02-20 12:04:53.069418+00:00,2023-02-20 07:33:01.033000+00:00,0.0,1.3,0.0,0,0.0,63.2736,-151.0691,1.8,0.0,0,0.42,50,0,0,0,0,1,0,0,1,0,0,0,0,0,0
2023-02-20 07:33:28.160000+00:00,2023-02-19 12:04:53.069418+00:00,2023-02-20 12:04:53.069418+00:00,2023-02-20 07:33:28.160000+00:00,0.0,33.189998626709,0.0,0,159.0,19.1685009002686,-155.481338500977,1.94000006,0.0,33,0.100000001,58,0,0,0,1,0,0,0,0,0,1,0,0,0,0
2023-02-20 08:18:56.280000+00:00,2023-02-19 12:04:53.069418+00:00,2023-02-20 12:04:53.069418+00:00,2023-02-20 08:18:56.280000+00:00,0.0,7.53,0.01073,0,125.0,36.9393349,-121.670166,1.14,0.0,7,0.04,20,0,0,0,1,0,0,0,0,0,0,1,0,0,0
2023-02-20 08:27:24.320000+00:00,2023-02-19 12:04:53.069418+00:00,2023-02-20 12:04:53.069418+00:00,2023-02-20 08:27:24.320000+00:00,0.0,2.04,0.00881,0,43.0,38.831665,-122.814003,1.54,0.0,27,0.01,36,0,0,0,1,0,0,0,0,0,0,1,0,0,0
2023-02-20 08:41:53.147000+00:00,2023-02-19 12:04:53.069418+00:00,2023-02-20 12:04:53.069418+00:00,2023-02-20 08:41:53.147000+00:00,2.0,111.0,0.0,1,0.0,63.2565,-150.4846,1.5,0.0,0,0.36,35,0,0,0,0,1,0,0,1,0,0,0,0,0,0
2023-02-20 08:45:23.470000+00:00,2023-02-19 12:04:53.069418+00:00,2023-02-20 12:04:53.069418+00:00,2023-02-20 08:45:23.470000+00:00,0.0,35.310001373291,0.0,0,107.0,19.1648330688477,-155.480834960938,2.11999989,0.0,37,0.109999999,69,0,0,0,1,0,0,0,0,0,1,0,0,0,0
2023-02-20 08:45:43.140000+00:00,2023-02-19 12:04:53.069418+00:00,2023-02-20 12:04:53.069418+00:00,2023-02-20 08:45:43.140000+00:00,0.0,1.73,0.01161,0,57.0,38.8341675,-122.8044968,1.07,0.0,19,0.02,18,0,0,0,1,0,0,0,0,0,0,1,0,0,0
2023-02-20 08:51:57.120000+00:00,2023-02-19 12:04:53.069418+00:00,2023-02-20 12:04:53.069418+00:00,2023-02-20 08:51:57.120000+00:00,0.0,1.81,0.01145,0,90.0,38.8339996,-122.8156662,0.42,0.0,9,0.01,3,0,0,0,1,0,0,0,0,0,0,1,0,0,0
2023-02-20 08:54:05.870000+00:00,2023-02-19 12:04:53.069418+00:00,2023-02-20 12:04:53.069418+00:00,2023-02-20 08:54:05.870000+00:00,0.0,9.58,0.05534,0,29.0,33.2481667,-116.2526667,1.21,0.0,51,0.2,23,0,0,0,0,1,0,0,0,1,0,0,0,0,0
2023-02-20 09:11:18.820000+00:00,2023-02-19 12:04:53.069418+00:00,2023-02-20 12:04:53.069418+00:00,2023-02-20 09:11:18.820000+00:00,0.0,2.25,0.01178,0,86.0,38.8351669,-122.8089981,0.7,0.0,10,0.01,8,0,0,0,1,0,0,0,0,0,0,1,0,0,0
2023-02-20 09:15:40.750000+00:00,2023-02-19 12:04:53.069418+00:00,2023-02-20 12:04:53.069418+00:00,2023-02-20 09:15:40.750000+00:00,0.0,2.44,0.01144,0,72.0,38.8348351,-122.8093338,0.76,0.0,11,0.01,9,0,0,0,1,0,0,0,0,0,0,1,0,0,0
2023-02-20 09:17:24.280000+00:00,2023-02-19 12:04:53.069418+00:00,2023-02-20 12:04:53.069418+00:00,2023-02-20 09:17:24.280000+00:00,0.0,2.21,0.01195,0,104.0,38.8351669,-122.8073349,0.43,0.0,10,0.01,3,0,0,0,1,0,0,0,0,0,0,1,0,0,0
2023-02-20 09:28:32.600000+00:00,2023-02-19 12:04:53.069418+00:00,2023-02-20 12:04:53.069418+00:00,2023-02-20 09:28:32.600000+00:00,0.0,3.03,0.004274,0,65.0,38.8221664,-122.8048325,0.75,0.0,14,0.01,9,0,0,0,1,0,0,0,0,0,0,1,0,0,0
2023-02-20 09:29:40.410000+00:00,2023-02-19 12:04:53.069418+00:00,2023-02-20 12:04:53.069418+00:00,2023-02-20 09:29:40.410000+00:00,0.0,1.99,0.001892,0,88.0,38.8271675,-122.8544998,0.62,0.0,15,0.03,6,0,0,0,1,0,0,0,0,0,0,1,0,0,0
